create,generate,,,,,,
add,,,,,,,
additional params,,,,,,,
all,,,,,,,
assignment,,,,,,,
bom,,,,,,,
bom.json,,,,,,,
branch,TileBuilderBranch,,,,,,
by,,,,,,,
center,,,,,,,
check,,,,,,,
close,shut down,,,,,,
congestion,,,,,,,
congestion issue,,,,,,,
congestion status,routing status,,,,,,
copy,,,,,,,
data,database,,,,,,
def,,,,,,,
do,,,,,,,
DRC,,,,,,,
environment,env,,,,,,
exist,exists,,,,,,
files,file,,,,,,
fix,clean,,,,,,
flow,,,,,,,
go to,,,,,,,
ignore,,,,,,,
impact,affect,,,,,,
impact tiles,for tiles,For tiles,Impact tiles,impact tile,for tile,For tile,Impact tile
information,message,experience,lesson,,,,
instruction,instructions,,,,,,
issue,,,,,,,
json,,,,,,,
learn,study,remember,,,,,
link,,,,,,,
log,logs,,,,,,
monitor,,,,,,,
move,,,,,,,
new,,,,,,,
on,,,,,,,
online,,,,,,,
open,,,,,,,
own,,,,,,,
owner,,,,,,,
params,,,,,,,
params from,,,,,,,
params to,,,,,,,
power,,,,,,,
predict,,,,,,,
put,,,,,,,
read,,,,,,,
refer to,for your reference,,,,,,
release,,,,,,,
remove,delete,,,,,,
run,runs,,,,,,
re-get,get,got,,,,,
rerun,re-run,retrace,,,,,
restart,,,,,,,
run dir,run directory,directory,path,run path,dir,,
run progress,progress,,,,,,
run time,,,,,,,
running status,,,,,,,
script,command,shell,tcl,csh,,,
where,what,,,,,,
send,provide,list,report,,,,
know,,,,,,,
show,,,,,,,
find,,,,,,,
shmoo,,,,,,,
source,,,,,,,
SPT,,,,,,,
start,kick off,,,,,,
status,,,,,,,
stop,kill,,,,,,
submit,,,,,,,
tag,tags,,,,,,
take,pick,,,,,,
task,tasks,,,,,,
TB,,,,,,,
tell,told,,,,,,
tile,tiles,,,,,,
tile size,,,,,,,
TileBuilderGenParams,tbg,,,,,,
TileBuilderMake,tbm,,,,,,
tilebuilderoverwritecommand,,,,,,,
timing,,,,,,,
timing status,,,,,,,
tree,,,,,,,
tune from,,,,,,,
tune to,,,,,,,
update,sync,,,,,,
usage,,,,,,,
use,,,,,,,
utilization,util,,,,,,
virtual,,,,,,,
vto,,,,,,,
work,,,,,,,
write,,,,,,,
hack,change,modify,,,,,
sdc,,,,,,,
TileBuilderUpdateSeras,,,,,,,
map,,,,,,,
console,gui,,,,,,
job,jobs,,,,,,
option,options,,,,,,
width,,,,,,,
height,,,,,,,
waveform,,,,,,,
latency,,,,,,,
period,,,,,,,
uncertainty,,,,,,,
clock,,,,,,,
instance,,,,,,,
area,,,,,,,
x,,,,,,,
y,,,,,,,
coordinate,,,,,,,
location,,,,,,,
tile,,,,,,,
block,,,,,,,
current,,,,,,,
voltage,,,,,,,
density,,,,,,,
transition,,,,,,,
delay,,,,,,,
resistance,,,,,,,
capacitors,,,,,,,
setup,,,,,,,
hold,,,,,,,
timing,,,,,,,
overlap,,,,,,,
floating,,,,,,,
congestion,,,,,,,
feed,,,,,,,
feedthrough,,,,,,,
repeater,,,,,,,
feeds,,,,,,,
utilization,,,,,,,
slack,,,,,,,
startpoint,,,,,,,
endpoint,,,,,,,
short,,,,,,,
shorted,,,,,,,
violation,,,,,,,
mem,memory,memories,macros,macro,analog,,
skew,,,,,,,
length,,,,,,,
distance,,,,,,,
path,,,,,,,
si,,,,,,,
scenario,,,,,,,
blockage,,,,,,,
routing,,,,,,,
placement,,,,,,,
place,,,,,,,
min,,,,,,,
max,,,,,,,
port,,,,,,,
driver,,,,,,,
load,,,,,,,
ratio,,,,,,,
frequency,frq,freq,,,,,
def,,,,,,,
verilog,netlist,,,,,,
spacing,,,,,,,
pitch,,,,,,,
fanout,,,,,,,
fanin,,,,,,,
lvs,,,,,,,
nlib,,,,,,,
rpt,,,,,,,
count,number,,,,,,
tool,tools,,,,,,
version,versions,,,,,,
try,,,,,,,
IR,,,,,,,
EM,,,,,,,
signalEM,,,,,,,
partition,,,,,,,
getdef,,,,,,,
seras,,,,,,,
aspect,,,,,,,
argument,,,,,,,
what-if,what if,,,,,,
analysis,,,,,,,
available,ready,,,,,,
disk,,,,,,,
ago,,,,,,,
install,,,,,,,
pip,,,,,,,
pd,,,,,,,
agent,,,,,,,
project,,,,,,,
tune,,,,,,,
conform,,,,,,,
lsf,,,,,,,
only,alone,,,,,,
forget,,,,,,,
cpm,,,,,,,
pin,,,,,,,
pair,,,,,,,
make,,,,,,,
enable,,,,,,,
user,,,,,,,
floorplan,,,,,,,
llm,,,,,,,
supra,,,,,,,
regression,,,,,,,
TileBuilderFixSerasDatabase,,,,,,,
sanity,,,,,,,
target,targets,,,,,,
session,sessions,,,,,,
route,,,,,,,
reroute,,,,,,,
pretiming,,,,,,,
eqv,,,,,,,
dft,,,,,,,
waiver,,,,,,,
drclvs,,,,,,,
prc,,,,,,,
extract,,,,,,,
temporary,temp,,,,,,
skip,,,,,,,
unskip,,,,,,,
rtl,,,,,,,
qor,,,,,,,
note,comment,,,,,,
optimize,,,,,,,
feature,,,,,,,
TileBuilderCopy,,,,,,,
wall,,,,,,,
description,descriptions,,,,,,
dso,,,,,,,
aifs,,,,,,,
TileBuilderMakeDSO,,,,,,,
net,,,,,,,
rdl,,,,,,,
align,,,,,,,
vdci,,,,,,,
runtime,,,,,,,
fill,,,,,,,
checklist,,,,,,,
base,,,,,,,
pop,,,,,,,
pointer,,,,,,,
cdc_rdc,,,,,,,
lint,,,,,,,
spg_dft,,,,,,,
static checks,,,,,,,
constraint,,,,,,,
summarize,,,,,,,
Tilebuilder,,,,,,,
formality,fm,formal verification
analyze,analyse
structure,hierarchy
full_static_check,full static check
results,result
eco,ECO
post,post eco
